feature_category,PyTorch NN,XGBoost,Random Forest,Logistic Regression (L2/Ridge),Logistic Regression (L1/Lasso),importancia_media,n_features
Ideal-range distance,0.5204,0.1166,0.1978,0.279,0.3009,0.283,28
Statistical aggregation,0.046,0.6635,0.5719,0.053,0.064,0.2797,4
Range flag,0.3859,0.1504,0.1044,0.2663,0.2536,0.2321,42
Original,0.0303,0.0314,0.0412,0.151,0.1426,0.0793,15
Ratio,0.0043,0.0111,0.0295,0.103,0.101,0.0498,6
Difference,0.0025,0.0075,0.0162,0.0472,0.0545,0.0256,4
Domain-specific,0.0043,0.0095,0.017,0.0433,0.0318,0.0212,5
Product,0.0,0.0041,0.0088,0.0294,0.0321,0.0149,2
Mathematical transform,0.0061,0.0059,0.0133,0.0278,0.0194,0.0145,4
