feature,PyTorch NN,XGBoost,Random Forest,Logistic Regression (L2/Ridge),Logistic Regression (L1/Lasso),importancia_media,process_phase,feature_category
n_vars_out_of_range,0.00964,0.29957,0.16818,0.00698,0.00789,0.09845,Global/Aggregation,Statistical aggregation
n_vars_in_range,0.02896,0.29898,0.13458,0.00698,0.00836,0.09557,Global/Aggregation,Statistical aggregation
max_distance_from_ideal,0.00543,0.04019,0.16906,0.03344,0.04618,0.05886,Global/Aggregation,Statistical aggregation
cycle_time_distance_from_range,0.08169,0.01907,0.01915,0.01101,0.01314,0.02881,Cooling,Ideal-range distance
avg_distance_from_ideal,0.00193,0.02472,0.1001,0.00561,0.00156,0.02679,Global/Aggregation,Statistical aggregation
metal_velocity_gate_distance_from_range,0.07448,0.00557,0.01113,0.01623,0.01798,0.02508,Injection,Ideal-range distance
intensification_pressure_distance_from_range,0.08168,0.00334,0.01228,0.00991,0.01053,0.02355,Intensification,Ideal-range distance
intensification_pressure_in_range,0.03637,0.02491,0.00963,0.00805,0.01582,0.01896,Intensification,Range flag
intensification_time_phase3_distance_from_range,0.04224,0.00617,0.00716,0.01127,0.0137,0.01611,Intensification,Ideal-range distance
fill_time_distance_from_range,0.02275,0.01277,0.0144,0.01309,0.01674,0.01595,Injection,Ideal-range distance
phase_transition_position_distance_from_range,0.05381,0.00416,0.0058,0.0079,0.0079,0.01591,Injection,Ideal-range distance
cycle_time_in_range,0.0284,0.00999,0.01602,0.0096,0.01506,0.01581,Cooling,Range flag
phase_transition_position_in_range,0.04807,0.00525,0.00672,0.00654,0.00991,0.0153,Injection,Range flag
metal_velocity_gate_in_range,0.02373,0.01084,0.01097,0.00928,0.01575,0.01411,Injection,Range flag
solidification_ratio,0.00072,0.00151,0.00495,0.026,0.02872,0.01238,Cooling,Ratio
intensification_time_phase3_in_range,0.03181,0.00338,0.00666,0.00776,0.0121,0.01234,Intensification,Range flag
pressure_time_ratio,0.00072,0.00176,0.00675,0.02584,0.02414,0.01184,Intensification,Ratio
fill_time_in_range,0.01067,0.02032,0.01049,0.00681,0.01064,0.01178,Injection,Range flag
plunger_lubricant,0.01756,0.01026,0.00863,0.01029,0.01195,0.01174,Configuration/Maintenance,Original
solidification_time_distance_from_range,0.02117,0.00417,0.00615,0.0133,0.01378,0.01171,Cooling,Ideal-range distance
sleeve_length_distance_from_range,0.03219,0.00359,0.00167,0.00934,0.01018,0.01139,Configuration/Maintenance,Ideal-range distance
sleeve_diameter_distance_from_range,0.02806,0.00344,0.00274,0.01031,0.01151,0.01121,Configuration/Maintenance,Ideal-range distance
piston_velocity_phase1_distance_from_range,0.03276,0.00169,0.0026,0.00875,0.00851,0.01086,Injection,Ideal-range distance
solidification_time_in_range,0.02029,0.00477,0.00539,0.00721,0.01213,0.00996,Cooling,Range flag
sleeve_temperature_distance_from_range,0.01409,0.00288,0.00458,0.01236,0.01489,0.00976,Configuration/Maintenance,Ideal-range distance
temp_ratio,0.00143,0.00226,0.00301,0.01919,0.02124,0.00942,Configuration/Maintenance,Ratio
velocity_distance,0.00073,0.00172,0.00438,0.01855,0.01923,0.00892,Injection,Difference
intensification_time_phase3,0.00036,0.00156,0.00242,0.02199,0.01754,0.00877,Intensification,Original
intensification_energy,0.0,0.00235,0.00639,0.01561,0.01766,0.0084,Intensification,Product
sleeve_fill_percentage_distance_from_range,0.017,0.0028,0.00187,0.01023,0.01003,0.00839,Injection,Ideal-range distance
fill_time,0.0,0.00143,0.00271,0.02022,0.01752,0.00838,Injection,Original
metal_velocity_gate_above_range,0.02245,0.00097,0.00184,0.00994,0.0062,0.00828,Injection,Range flag
cycle_time_below_range,0.01911,0.00036,0.00503,0.0096,0.00661,0.00814,Cooling,Range flag
intensification_pressure_above_range,0.01995,0.01003,0.00102,0.00666,0.00302,0.00814,Intensification,Range flag
intensification_pressure_below_range,0.02681,0.0022,0.00078,0.00726,0.00328,0.00807,Intensification,Range flag
cycle_time_distance_from_center,0.00217,0.00224,0.01828,0.00687,0.0079,0.00749,Cooling,Ideal-range distance
fill_time_distance_from_center,0.0,0.00974,0.01298,0.00761,0.00663,0.00739,Injection,Ideal-range distance
metal_velocity_gate_distance_from_center,2e-05,0.00239,0.0167,0.00864,0.00834,0.00722,Injection,Ideal-range distance
plunger_temperature_distance_from_range,0.00466,0.00476,0.00149,0.0117,0.01294,0.00711,Configuration/Maintenance,Ideal-range distance
fill_time_ratio,0.00147,0.00208,0.00728,0.01338,0.0106,0.00696,Injection,Ratio
process_efficiency,0.00217,0.00215,0.00743,0.01338,0.00899,0.00682,Multiple phases,Domain-specific
phase_transition_position_distance_from_center,0.00291,0.00189,0.00749,0.00999,0.01112,0.00668,Injection,Ideal-range distance
phase_transition_position_below_range,0.02002,0.00053,0.00089,0.00652,0.00436,0.00646,Injection,Range flag
temp_solidification,0.0,0.00175,0.00236,0.01374,0.01445,0.00646,Multiple phases,Product
velocity_ratio,0.0,0.00166,0.00525,0.01346,0.01076,0.00623,Injection,Ratio
solidification_time_distance_from_center,0.0,0.00316,0.0054,0.01051,0.01165,0.00615,Cooling,Ideal-range distance
temp_diff,0.0,0.00248,0.0029,0.01005,0.01523,0.00613,Configuration/Maintenance,Difference
intensification_time_phase3_distance_from_center,0.0015,0.00282,0.00888,0.0085,0.00882,0.0061,Intensification,Ideal-range distance
cycle_fill_diff,0.00073,0.00156,0.00655,0.01064,0.01089,0.00608,Multiple phases,Difference
intensification_pressure_distance_from_center,0.0,0.00209,0.01287,0.0076,0.00764,0.00604,Intensification,Ideal-range distance
sleeve_temperature_in_range,0.0,0.01083,0.00346,0.00682,0.00834,0.00589,Configuration/Maintenance,Range flag
fill_time_above_range,0.01416,0.0004,0.00209,0.00766,0.00505,0.00587,Injection,Range flag
sleeve_temperature_distance_from_center,0.0018,0.00209,0.0051,0.00925,0.01071,0.00579,Configuration/Maintenance,Ideal-range distance
plunger_sleeve_clearance_distance_from_range,0.00219,0.00344,0.00076,0.01095,0.01139,0.00575,Configuration/Maintenance,Ideal-range distance
sleeve_fill_percentage_distance_from_center,0.00147,0.00203,0.0034,0.01003,0.01097,0.00558,Injection,Ideal-range distance
solidification_time,0.00181,0.00173,0.00258,0.00932,0.01213,0.00552,Cooling,Original
sleeve_fill_percentage_in_range,0.005,0.0027,0.00204,0.00689,0.01039,0.0054,Injection,Range flag
sleeve_diameter,0.00072,0.00152,0.00116,0.00942,0.01349,0.00526,Configuration/Maintenance,Original
sleeve_length_distance_from_center,0.0,0.00203,0.0032,0.00995,0.01083,0.0052,Configuration/Maintenance,Ideal-range distance
sleeve_diameter_distance_from_center,0.0018,0.00178,0.00363,0.00889,0.00956,0.00513,Configuration/Maintenance,Ideal-range distance
phase_transition_position,0.00184,0.0013,0.0027,0.00952,0.00937,0.00495,Injection,Original
fill_volume_ratio,0.00073,0.00208,0.00256,0.01019,0.00889,0.00489,Multiple phases,Domain-specific
piston_velocity_phase1_distance_from_center,0.0,0.00222,0.00366,0.00941,0.00894,0.00485,Injection,Ideal-range distance
sleeve_fill_percentage,0.00181,0.00156,0.00157,0.00988,0.00917,0.0048,Injection,Original
sleeve_length_in_range,0.00436,0.00393,0.0018,0.00563,0.00808,0.00476,Configuration/Maintenance,Range flag
cycle_time,0.00145,0.00157,0.00552,0.00917,0.00508,0.00456,Cooling,Original
sleeve_temperature,0.0,0.00156,0.00241,0.0106,0.00819,0.00455,Configuration/Maintenance,Original
cycle_time_log,0.00181,0.00142,0.00615,0.00845,0.00451,0.00447,Cooling,Mathematical transform
pressure_deviation,0.00108,0.00169,0.00238,0.00792,0.00918,0.00445,Intensification,Difference
plunger_sleeve_clearance_distance_from_center,0.0,0.00242,0.00136,0.00896,0.00886,0.00432,Configuration/Maintenance,Ideal-range distance
total_process_time,0.00036,0.00164,0.00218,0.00975,0.00744,0.00427,Multiple phases,Domain-specific
intensification_pressure,0.00036,0.00144,0.00275,0.00792,0.00872,0.00424,Intensification,Original
sleeve_diameter_in_range,0.00287,0.00493,0.00261,0.00498,0.00553,0.00418,Configuration/Maintenance,Range flag
plunger_temperature,0.00144,0.00142,0.00137,0.01,0.00631,0.00411,Configuration/Maintenance,Original
plunger_sleeve_clearance,0.00036,0.00159,0.00106,0.00777,0.00917,0.00399,Configuration/Maintenance,Original
intensification_pressure_log,0.00216,0.00142,0.00273,0.00823,0.00456,0.00382,Intensification,Mathematical transform
phase_transition_position_above_range,0.00694,0.00077,0.00069,0.00585,0.00478,0.00381,Injection,Range flag
intensification_time_phase3_above_range,0.00359,0.00029,0.00087,0.00777,0.00628,0.00376,Intensification,Range flag
metal_velocity_gate_below_range,0.00606,0.00109,0.00098,0.00728,0.00314,0.00371,Injection,Range flag
plunger_sleeve_clearance_above_range,0.0,0.0006,9e-05,0.00774,0.0101,0.0037,Configuration/Maintenance,Range flag
piston_velocity_phase1_in_range,0.0,0.00043,0.00224,0.00633,0.00906,0.00361,Injection,Range flag
cycle_time_above_range,0.00104,0.00684,0.00354,0.00533,0.00127,0.0036,Cooling,Range flag
plunger_temperature_distance_from_center,0.0,0.00187,0.00308,0.00646,0.00572,0.00343,Configuration/Maintenance,Ideal-range distance
piston_velocity_phase1,0.00147,0.00143,0.00141,0.0062,0.00647,0.0034,Injection,Original
plunger_temperature_in_range,0.0,0.00515,0.00118,0.00506,0.0054,0.00336,Configuration/Maintenance,Range flag
piston_velocity_phase1_squared,0.00217,0.00177,0.00117,0.00632,0.00497,0.00328,Injection,Mathematical transform
solidification_time_above_range,0.0,0.00249,0.00071,0.00705,0.00545,0.00314,Cooling,Range flag
intensification_time_phase3_below_range,0.00505,2e-05,0.00085,0.00618,0.00358,0.00314,Intensification,Range flag
sleeve_temperature_below_range,0.00178,0.00086,0.00057,0.00649,0.00582,0.0031,Configuration/Maintenance,Range flag
sleeve_volume_estimate,0.0,0.00173,0.00137,0.00648,0.00575,0.00306,Configuration/Maintenance,Domain-specific
sleeve_aspect_ratio,0.0,0.00186,0.00225,0.00512,0.00556,0.00296,Configuration/Maintenance,Ratio
fill_time_below_range,0.00395,0.00079,0.00089,0.00573,0.0034,0.00295,Injection,Range flag
metal_velocity_gate_squared,0.0,0.00128,0.00325,0.00483,0.00537,0.00295,Injection,Mathematical transform
sleeve_length,0.00109,0.00148,0.00161,0.00503,0.00522,0.00289,Configuration/Maintenance,Original
piston_velocity_phase1_below_range,0.00284,0.00011,0.00023,0.00615,0.00508,0.00288,Injection,Range flag
sleeve_diameter_below_range,0.00537,0.00022,9e-05,0.00475,0.00338,0.00276,Configuration/Maintenance,Range flag
sleeve_fill_percentage_below_range,0.00144,0.00024,0.00026,0.00639,0.00433,0.00253,Injection,Range flag
sleeve_temperature_above_range,0.00031,0.00191,0.00077,0.00551,0.00387,0.00248,Configuration/Maintenance,Range flag
sleeve_length_below_range,0.00466,0.00054,0.00044,0.00416,0.00242,0.00244,Configuration/Maintenance,Range flag
plunger_sleeve_clearance_in_range,0.00035,0.00481,0.00039,0.00404,0.00262,0.00244,Configuration/Maintenance,Range flag
sleeve_diameter_above_range,0.00359,0.00031,0.00024,0.00443,0.00283,0.00228,Configuration/Maintenance,Range flag
plunger_temperature_below_range,0.00071,0.00133,0.00027,0.00481,0.00422,0.00227,Configuration/Maintenance,Range flag
sleeve_length_above_range,0.00141,0.00234,0.00023,0.00444,0.00281,0.00225,Configuration/Maintenance,Range flag
metal_velocity_gate,0.0,0.00158,0.0033,0.00368,0.00229,0.00217,Injection,Original
weighted_velocity,0.00108,0.0019,0.00342,0.0035,0.00072,0.00212,Injection,Domain-specific
solidification_time_below_range,0.00177,9e-05,0.00076,0.00573,0.0022,0.00211,Cooling,Range flag
plunger_temperature_above_range,0.00032,0.00073,0.00016,0.0049,0.00335,0.00189,Configuration/Maintenance,Range flag
sleeve_fill_percentage_above_range,0.00034,0.00104,0.00014,0.00507,0.00257,0.00183,Injection,Range flag
piston_velocity_phase1_above_range,0.00036,0.00038,0.00022,0.00432,0.00133,0.00132,Injection,Range flag
plunger_sleeve_clearance_below_range,0.0,0.00069,0.00013,0.00358,0.00209,0.0013,Configuration/Maintenance,Range flag
