defeito,estrategia,threshold,recall,precision,f1
blisters_post_treatment,Recall-first,0.07,1.0,0.4623,0.6323
surface_blisters,Recall-first,0.05,0.9785,0.4333,0.6007
die_sticking,Recall-first,0.44000000000000006,1.0,0.4074,0.5789
flow_lines,Recall-first,0.1,1.0,0.4237,0.5952
surface_streaks,Recall-first,0.6000000000000002,1.0,0.28,0.4375
cold_shut,Recall-first,0.21000000000000002,1.0,0.5897,0.7419
heat_cracks,Recall-first,0.13,1.0,0.1951,0.3265
die_soldering,Recall-first,0.060000000000000005,1.0,0.482,0.6505
surface_oxide_inclusions,Recall-first,0.12000000000000001,0.95,0.3762,0.539
low_tensile_strength,Recall-first,0.4100000000000001,0.975,0.5166,0.6753
low_elongation,Recall-first,0.05,0.9881,0.5321,0.6917
low_ultimate_strength,Recall-first,0.37000000000000005,1.0,0.4575,0.6278
low_fatigue_resistance,Recall-first,0.18000000000000005,0.9868,0.5682,0.7212
low_surface_hardness,Recall-first,0.35000000000000003,0.9846,0.5766,0.7273
density_deviation,Recall-first,0.1,1.0,0.5957,0.7467
incomplete_fill,Recall-first,0.1,1.0,0.4861,0.6542
flash,Recall-first,0.24000000000000005,0.9592,0.3287,0.4896
warpage,Recall-first,0.5300000000000001,1.0,0.3426,0.5103
shrinkage_porosity,Recall-first,0.5400000000000001,1.0,0.5,0.6667
volumetric_variation,Recall-first,0.05,1.0,0.5915,0.7434
dimensional_deviation,Recall-first,0.08000000000000002,1.0,0.5804,0.7345
gas_porosity,Recall-first,0.05,1.0,0.5402,0.7015
gas_bubbles,Recall-first,0.07,1.0,0.5397,0.7011
internal_shrinkage,Recall-first,0.16000000000000003,1.0,0.3962,0.5676
cracks,Recall-first,0.7800000000000001,1.0,0.5254,0.6889
hard_inclusions,Recall-first,0.29000000000000004,0.9524,0.3125,0.4706
oxide_inclusions,Recall-first,0.2,0.9592,0.4017,0.5663
blisters_post_treatment,F1 (balanced),0.7500000000000002,0.837,0.6111,0.7064
surface_blisters,F1 (balanced),0.7900000000000001,0.7419,0.5308,0.6188
die_sticking,F1 (balanced),0.7400000000000002,0.8727,0.4752,0.6154
flow_lines,F1 (balanced),0.6800000000000002,0.96,0.4752,0.6358
surface_streaks,F1 (balanced),0.9000000000000002,0.4286,0.6,0.5
cold_shut,F1 (balanced),0.7500000000000002,0.9565,0.6535,0.7765
heat_cracks,F1 (balanced),0.8400000000000002,0.625,0.4545,0.5263
die_soldering,F1 (balanced),0.7100000000000002,0.9701,0.5417,0.6952
surface_oxide_inclusions,F1 (balanced),0.6100000000000001,0.85,0.4416,0.5812
low_tensile_strength,F1 (balanced),0.5600000000000002,0.9625,0.5423,0.6937
low_elongation,F1 (balanced),0.05,0.9881,0.5321,0.6917
low_ultimate_strength,F1 (balanced),0.7500000000000002,0.8857,0.5124,0.6492
low_fatigue_resistance,F1 (balanced),0.6600000000000001,0.8816,0.6381,0.7403
low_surface_hardness,F1 (balanced),0.8700000000000002,0.7538,0.7313,0.7424
density_deviation,F1 (balanced),0.6500000000000001,0.95,0.6186,0.7493
incomplete_fill,F1 (balanced),0.8400000000000002,0.8,0.6562,0.721
flash,F1 (balanced),0.8300000000000002,0.6122,0.4688,0.531
warpage,F1 (balanced),0.8000000000000002,0.8919,0.3929,0.5455
shrinkage_porosity,F1 (balanced),0.5400000000000001,1.0,0.5,0.6667
volumetric_variation,F1 (balanced),0.5000000000000001,0.9286,0.6341,0.7536
dimensional_deviation,F1 (balanced),0.6300000000000001,0.9518,0.6583,0.7783
gas_porosity,F1 (balanced),0.8300000000000002,0.8652,0.6595,0.7485
gas_bubbles,F1 (balanced),0.42000000000000004,0.9767,0.6238,0.7613
internal_shrinkage,F1 (balanced),0.8500000000000002,0.8095,0.5397,0.6476
cracks,F1 (balanced),0.7800000000000001,1.0,0.5254,0.6889
hard_inclusions,F1 (balanced),0.35000000000000003,0.9048,0.322,0.475
oxide_inclusions,F1 (balanced),0.7000000000000002,0.8163,0.4938,0.6154
blisters_post_treatment,F-beta β=2 (recall-weighted),0.5700000000000002,0.9457,0.5613,0.7045
surface_blisters,F-beta β=2 (recall-weighted),0.05,0.9785,0.4333,0.6007
die_sticking,F-beta β=2 (recall-weighted),0.6100000000000001,0.9818,0.432,0.6
flow_lines,F-beta β=2 (recall-weighted),0.6800000000000002,0.96,0.4752,0.6358
surface_streaks,F-beta β=2 (recall-weighted),0.6000000000000002,1.0,0.28,0.4375
cold_shut,F-beta β=2 (recall-weighted),0.21000000000000002,1.0,0.5897,0.7419
heat_cracks,F-beta β=2 (recall-weighted),0.7200000000000002,0.875,0.3182,0.4667
die_soldering,F-beta β=2 (recall-weighted),0.7100000000000002,0.9701,0.5417,0.6952
surface_oxide_inclusions,F-beta β=2 (recall-weighted),0.12000000000000001,0.95,0.3762,0.539
low_tensile_strength,F-beta β=2 (recall-weighted),0.5600000000000002,0.9625,0.5423,0.6937
low_elongation,F-beta β=2 (recall-weighted),0.05,0.9881,0.5321,0.6917
low_ultimate_strength,F-beta β=2 (recall-weighted),0.37000000000000005,1.0,0.4575,0.6278
low_fatigue_resistance,F-beta β=2 (recall-weighted),0.18000000000000005,0.9868,0.5682,0.7212
low_surface_hardness,F-beta β=2 (recall-weighted),0.35000000000000003,0.9846,0.5766,0.7273
density_deviation,F-beta β=2 (recall-weighted),0.1,1.0,0.5957,0.7467
incomplete_fill,F-beta β=2 (recall-weighted),0.31000000000000005,0.981,0.5202,0.6799
flash,F-beta β=2 (recall-weighted),0.24000000000000005,0.9592,0.3287,0.4896
warpage,F-beta β=2 (recall-weighted),0.5300000000000001,1.0,0.3426,0.5103
shrinkage_porosity,F-beta β=2 (recall-weighted),0.5400000000000001,1.0,0.5,0.6667
volumetric_variation,F-beta β=2 (recall-weighted),0.05,1.0,0.5915,0.7434
dimensional_deviation,F-beta β=2 (recall-weighted),0.39000000000000007,0.988,0.5985,0.7455
gas_porosity,F-beta β=2 (recall-weighted),0.05,1.0,0.5402,0.7015
gas_bubbles,F-beta β=2 (recall-weighted),0.42000000000000004,0.9767,0.6238,0.7613
internal_shrinkage,F-beta β=2 (recall-weighted),0.16000000000000003,1.0,0.3962,0.5676
cracks,F-beta β=2 (recall-weighted),0.7800000000000001,1.0,0.5254,0.6889
hard_inclusions,F-beta β=2 (recall-weighted),0.29000000000000004,0.9524,0.3125,0.4706
oxide_inclusions,F-beta β=2 (recall-weighted),0.2,0.9592,0.4017,0.5663
blisters_post_treatment,F-beta β=0.5 (precision-weighted),0.9000000000000002,0.6413,0.7024,0.6705
surface_blisters,F-beta β=0.5 (precision-weighted),0.8700000000000002,0.5269,0.6203,0.5698
die_sticking,F-beta β=0.5 (precision-weighted),0.9000000000000002,0.4545,0.5952,0.5155
flow_lines,F-beta β=0.5 (precision-weighted),0.8100000000000002,0.76,0.4935,0.5984
surface_streaks,F-beta β=0.5 (precision-weighted),0.9000000000000002,0.4286,0.6,0.5
cold_shut,F-beta β=0.5 (precision-weighted),0.9000000000000002,0.6884,0.7661,0.7252
heat_cracks,F-beta β=0.5 (precision-weighted),0.8600000000000002,0.5,0.5,0.5
die_soldering,F-beta β=0.5 (precision-weighted),0.7100000000000002,0.9701,0.5417,0.6952
surface_oxide_inclusions,F-beta β=0.5 (precision-weighted),0.8200000000000002,0.55,0.5366,0.5432
low_tensile_strength,F-beta β=0.5 (precision-weighted),0.9000000000000002,0.575,0.7541,0.6525
low_elongation,F-beta β=0.5 (precision-weighted),0.7600000000000002,0.7262,0.604,0.6595
low_ultimate_strength,F-beta β=0.5 (precision-weighted),0.8900000000000002,0.4857,0.6538,0.5574
low_fatigue_resistance,F-beta β=0.5 (precision-weighted),0.9000000000000002,0.4868,0.8409,0.6167
low_surface_hardness,F-beta β=0.5 (precision-weighted),0.8700000000000002,0.7538,0.7313,0.7424
density_deviation,F-beta β=0.5 (precision-weighted),0.8500000000000002,0.7357,0.6645,0.6983
incomplete_fill,F-beta β=0.5 (precision-weighted),0.8700000000000002,0.6857,0.699,0.6923
flash,F-beta β=0.5 (precision-weighted),0.8300000000000002,0.6122,0.4688,0.531
warpage,F-beta β=0.5 (precision-weighted),0.8000000000000002,0.8919,0.3929,0.5455
shrinkage_porosity,F-beta β=0.5 (precision-weighted),0.9000000000000002,0.7,0.5833,0.6364
volumetric_variation,F-beta β=0.5 (precision-weighted),0.9000000000000002,0.7262,0.7011,0.7135
dimensional_deviation,F-beta β=0.5 (precision-weighted),0.9000000000000002,0.8072,0.7204,0.7614
gas_porosity,F-beta β=0.5 (precision-weighted),0.8800000000000002,0.7305,0.741,0.7357
gas_bubbles,F-beta β=0.5 (precision-weighted),0.8500000000000002,0.6822,0.7097,0.6957
internal_shrinkage,F-beta β=0.5 (precision-weighted),0.8500000000000002,0.8095,0.5397,0.6476
cracks,F-beta β=0.5 (precision-weighted),0.7800000000000001,1.0,0.5254,0.6889
hard_inclusions,F-beta β=0.5 (precision-weighted),0.6500000000000001,0.6667,0.35,0.459
oxide_inclusions,F-beta β=0.5 (precision-weighted),0.9000000000000002,0.4694,0.561,0.5111
