Model,Strategy,Recall,Precision,F1-micro,F1-macro,F2-micro
Neural network (MLP),Recall-first,0.9930,0.4490,0.6184,0.5583,0.7993
Neural network (MLP),F1 (balanced),0.8642,0.5471,0.6700,0.6084,0.7744
Neural network (MLP),F-beta β=2 (recall-weighted),0.9725,0.4928,0.6541,0.5931,0.8140
Neural network (MLP),F-beta β=0.5 (precision-weighted),0.5927,0.6407,0.6157,0.5515,0.6017
XGBoost,Recall-first,0.9855,0.4416,0.6099,0.5702,0.7907
XGBoost,F1 (balanced),0.8895,0.5353,0.6684,0.6179,0.7856
XGBoost,F-beta β=2 (recall-weighted),0.9634,0.5020,0.6600,0.6103,0.8138
XGBoost,F-beta β=0.5 (precision-weighted),0.6967,0.5875,0.6374,0.5803,0.6717
Random Forest,Recall-first,0.9849,0.4026,0.5716,0.5383,0.7640
Random Forest,F1 (balanced),0.7042,0.5566,0.6218,0.5647,0.6687
Random Forest,F-beta β=2 (recall-weighted),0.8922,0.5170,0.6547,0.5939,0.7791
Random Forest,F-beta β=0.5 (precision-weighted),0.3346,0.5948,0.4283,0.3660,0.3667
Logistic Regression (L2/Ridge),Recall-first,0.9838,0.4656,0.6321,0.5893,0.8047
Logistic Regression (L2/Ridge),F1 (balanced),0.9165,0.5347,0.6754,0.6233,0.8020
Logistic Regression (L2/Ridge),F-beta β=2 (recall-weighted),0.9709,0.5021,0.6619,0.6134,0.8181
Logistic Regression (L2/Ridge),F-beta β=0.5 (precision-weighted),0.8782,0.5535,0.6790,0.6252,0.7860
Logistic Regression (L1/Lasso),Recall-first,0.9860,0.4599,0.6272,0.5798,0.8024
Logistic Regression (L1/Lasso),F1 (balanced),0.9149,0.5375,0.6772,0.6208,0.8022
Logistic Regression (L1/Lasso),F-beta β=2 (recall-weighted),0.9671,0.5035,0.6622,0.6082,0.8167
Logistic Regression (L1/Lasso),F-beta β=0.5 (precision-weighted),0.8879,0.5551,0.6831,0.6269,0.7928
